{
	"extension.codespaces.displayName": "Visual Studio Codespaces",
	"extension.codespaces.description": "어디서든 클라우드로 제공되는 인텔리전트 생산성 및 협업입니다.",
	"extension.codespaces.remoteViewExplorer": "Codespaces",
	"extension.codespaces.remoteViewExplorerDetails": "코드 공간 세부 정보",
	"extension.codespaces.planFilter": "Visual Studio Codespaces 플랜 필터입니다. 각 항목은 정규화된 플랜 리소스 ID입니다.",
	"extension.codespaces.defaultExtensions": "VS Codespaces에 설치할 기본 확장",
	"extension.codespaces.featureSetMarkdown": "활성 기능 세트를 제어합니다.",
	"extension.codespaces.dotfilesRepository": "DOT 파일 Git 리포지토리의 URL(예: https://github.com/owner/repository.git) 또는 GitHub 리포지토리의 소유자/리포지토리입니다.",
	"extension.codespaces.dotfilesInstallCommand": "복제 폴더를 기준으로 dot 파일 리포지토리를 복제한 후에 실행할 명령입니다. 기본값은 Linux의 경우 'install.sh'이고 Windows의 경우 'bootstrap.ps1'입니다.",
	"extension.codespaces.dotfilesTargetPath": "dot 파일 리포지토리를 복제할 경로입니다. 기본값은 Linux에서는 `~/dotfiles`이고 Windows에서는 `C:\\dotfiles`입니다.",
	"extension.codespaces.enableSuspendOnIdleConnection": "구성된 자동 일시 중단 시간 동안 연결이 유휴 상태이면 코드 공간을 일시 중단하도록 설정합니다.",
	"extension.codespaces.accountProvider": "인증에 사용할 계정 유형을 선택합니다.",
	"extension.codespaces.exportLogs": "로그 내보내기",
	"extension.codespaces.exportEnvironment": "Export Codespace",
	"extension.codespaces.addEnvironment": "새 코드 공간 만들기",
	"extension.codespaces.refresh": "새로 고침",
	"extension.codespaces.checkoutPRInEnvironment": "새 코드 공간에서 체크 아웃",
	"extension.codespaces.registerLocalEnvironment": "자체 호스팅 코드 공간 등록",
	"extension.codespaces.connect": "코드 공간에 연결",
	"extension.codespaces.disconnectEnvironment": "연결 끊기",
	"extension.codespaces.reloadServer": "호스트의 VS Code 서버 종료...",
	"extension.codespaces.shutdownEnvironment": "코드 공간 일시 중단",
	"extension.codespaces.selectShutdownEnvironment": "일시 중단할 코드 공간 선택",
	"extension.codespaces.disconnectSuspend": "현재 코드 공간 일시 중단",
	"extension.codespaces.changeEnvironmentSettings": "코드 공간 설정 변경",
	"extension.codespaces.vmconnect": "빌드 출력 열기",
	"extension.codespaces.deleteEnvironment": "코드 공간 삭제",
	"extension.codespaces.unregisterEnvironment": "코드 공간 등록 취소",
	"extension.codespaces.restoreLocalEnvironment": "자체 호스팅 코드 공간 복원",
	"extension.codespaces.portForwarding": "포트 전달",
	"extension.codespaces.copyServerUrl": "포트 URL 복사",
	"extension.codespaces.openInVisualStudio": "Visual Studio에서 열기",
	"extension.codespaces.openPortInBrowser": "브라우저에서 포트 열기",
	"extension.codespaces.unshareServer": "포트 전달 중지",
	"extension.codespaces.signOut": "로그아웃",
	"extension.codespaces.signInAndUpdateEnvList": "로그인",
	"extension.codespaces.selectPlan": "플랜 선택",
	"extension.codespaces.createPlan": "플랜 만들기",
	"extension.codespaces.deletePlan": "플랜 삭제",
	"extension.codespaces.getAccessToken": "액세스 토큰 가져오기",
	"extension.codespaces.getExportEnvironmentUrl": "Get Exported Codespace Url",
	"extension.codespaces.downloadExportedEnvironment": "Download Exported Codespace Locally",
	"extension.codespaces.openInNewWindow": "새 창에서 코드 공간 열기",
	"extension.codespaces.openInBrowser": "브라우저에서 열기",
	"extension.codespaces.openInStable": "VS Code에서 열기",
	"extension.codespaces.openInInsiders": "VS Code Insiders에서 열기",
	"extension.codespaces.authCallbackForUITest": "UI 테스트의 인증 콜백",
	"extension.codespaces.getAzureToken": "Azure 토큰 가져오기",
	"extension.codespaces.viewCreationLog": "만들기 로그 보기"
}