{
	"extension.codespaces.displayName": "Visual Studio Codespaces",
	"extension.codespaces.description": "Productivité et collaboration intelligentes, où que vous soyez, avec la technologie du cloud.",
	"extension.codespaces.remoteViewExplorer": "Codespaces",
	"extension.codespaces.remoteViewExplorerDetails": "Détails de l'espace de code",
	"extension.codespaces.planFilter": "Filtre de plan Visual Studio Codespaces. Chaque élément est un ID de ressource de plan complet.",
	"extension.codespaces.defaultExtensions": "Extensions par défaut à installer dans Visual Studio Codespaces",
	"extension.codespaces.featureSetMarkdown": "Contrôle l'ensemble des fonctionnalités actives.",
	"extension.codespaces.dotfilesRepository": "URL d'un dépôt Git de dotfiles (par exemple https://github.com/owner/repository.git) ou dépôt/propriétaire de dépôt GitHub.",
	"extension.codespaces.dotfilesInstallCommand": "Commande à exécuter après le clonage du dépôt de dotfiles, par rapport au dossier clone. Par défaut, il s'agit de 'install.sh' pour Linux et de 'bootstrap.ps1' pour Windows.",
	"extension.codespaces.dotfilesTargetPath": "Chemin de clonage du dépôt de dotfiles. Par défaut, il s'agit de '~/dotfiles' sur Linux et de 'C:\\dotfiles' sur Windows.",
	"extension.codespaces.enableSuspendOnIdleConnection": "Active l'interruption de l'espace de code en cas d'inactivité de la connexion pendant le délai d'auto-interruption configuré.",
	"extension.codespaces.accountProvider": "Sélectionne le type de compte à utiliser pour l'authentification.",
	"extension.codespaces.exportLogs": "Exporter les journaux",
	"extension.codespaces.exportEnvironment": "Export Codespace",
	"extension.codespaces.addEnvironment": "Créer un nouvel espace de code",
	"extension.codespaces.refresh": "Actualiser",
	"extension.codespaces.checkoutPRInEnvironment": "Extraction dans un nouvel espace de code",
	"extension.codespaces.registerLocalEnvironment": "Inscrire l'espace de code autohébergé",
	"extension.codespaces.connect": "Se connecter à l'espace de code",
	"extension.codespaces.disconnectEnvironment": "Se déconnecter",
	"extension.codespaces.reloadServer": "Tuer VS Code Server sur l'hôte...",
	"extension.codespaces.shutdownEnvironment": "Interrompre l'espace de code",
	"extension.codespaces.selectShutdownEnvironment": "Sélectionner un espace de code à interrompre",
	"extension.codespaces.disconnectSuspend": "Interrompre l'espace de code actuel",
	"extension.codespaces.changeEnvironmentSettings": "Changer les paramètres de l'espace de code",
	"extension.codespaces.vmconnect": "Ouvrir la sortie de build",
	"extension.codespaces.deleteEnvironment": "Supprimer l'espace de code",
	"extension.codespaces.unregisterEnvironment": "Désinscrire l'espace de code",
	"extension.codespaces.restoreLocalEnvironment": "Restaurer l'espace de code autohébergé",
	"extension.codespaces.portForwarding": "Réacheminer le port",
	"extension.codespaces.copyServerUrl": "Copier l'URL du port",
	"extension.codespaces.openInVisualStudio": "Ouvrir dans Visual Studio",
	"extension.codespaces.openPortInBrowser": "Ouvrir le port dans le navigateur",
	"extension.codespaces.unshareServer": "Arrêter le réacheminent du port",
	"extension.codespaces.signOut": "Se déconnecter",
	"extension.codespaces.signInAndUpdateEnvList": "Se connecter",
	"extension.codespaces.selectPlan": "Sélectionner le plan",
	"extension.codespaces.createPlan": "Créer un plan",
	"extension.codespaces.deletePlan": "Supprimer le plan",
	"extension.codespaces.getAccessToken": "Obtenir le jeton d'accès",
	"extension.codespaces.getExportEnvironmentUrl": "Get Exported Codespace Url",
	"extension.codespaces.downloadExportedEnvironment": "Download Exported Codespace Locally",
	"extension.codespaces.openInNewWindow": "Ouvrir l'espace de code dans une nouvelle fenêtre",
	"extension.codespaces.openInBrowser": "Ouvrir dans le navigateur",
	"extension.codespaces.openInStable": "Ouvrir dans VS Code",
	"extension.codespaces.openInInsiders": "Ouvrir dans VS Code Insiders",
	"extension.codespaces.authCallbackForUITest": "Rappel d'authentification pour le test d'IU",
	"extension.codespaces.getAzureToken": "Obtenir le jeton Azure",
	"extension.codespaces.viewCreationLog": "Voir le journal de création"
}