{
    "extension.codespaces.displayName": "Visual Studio Codespaces",
    "extension.codespaces.description": "Intelligent productivity and collaboration, from anywhere, powered by the cloud.",
    "extension.codespaces.remoteViewExplorer": "Codespaces",
    "extension.codespaces.remoteViewExplorerDetails": "Codespace Details",
    "extension.codespaces.planFilter": "Visual Studio Codespaces Plan filter. Each item is a fully-qualified Plan resource ID. Only applies when `#codespaces.accountProvider#` is set to `Microsoft`.",
    "extension.codespaces.defaultExtensions": "Default extensions to install in VS Codespaces",
    "extension.codespaces.featureSetMarkdown": "Controls the set of active features. Only applies when `#codespaces.accountProvider#` is set to `Microsoft`.",
    "extension.codespaces.dotfilesRepository": "URL of a dotfiles Git repository (e.g., https://github.com/owner/repository.git) or owner/repository of a GitHub repository. Only applies when `#codespaces.accountProvider#` is set to `Microsoft`.",
    "extension.codespaces.dotfilesInstallCommand": "The command to run after cloning the dotfiles repository, relative to the clone folder. Defaults to `install.sh` for Linux, `bootstrap.ps1` for Windows. Only applies when `#codespaces.accountProvider#` is set to `Microsoft`.",
    "extension.codespaces.dotfilesTargetPath": "The path to clone the dotfiles repository to. Defaults to `~/dotfiles` on Linux, `C:\\dotfiles` on Windows. Only applies when `#codespaces.accountProvider#` is set to `Microsoft`.",
    "extension.codespaces.enableSuspendOnIdleConnection": "Enables suspending Codespace if the connection is idle for configured auto-suspend time. Only applies when `#codespaces.accountProvider#` is set to `Microsoft`.",
    "extension.codespaces.accountProvider": "Selects the type of account to use for authentication.",
    "extension.codespaces.exportLogs": "Export Logs",
    "extension.codespaces.exportEnvironment": "Export Codespace",
    "extension.codespaces.addEnvironment": "Create New Codespace",
    "extension.codespaces.refresh": "Refresh",
    "extension.codespaces.checkoutPRInEnvironment": "Checkout in New Codespace",
    "extension.codespaces.registerLocalEnvironment": "Register Self-hosted Codespace",
    "extension.codespaces.connect": "Connect to Codespace",
    "extension.codespaces.disconnectEnvironment": "Disconnect",
    "extension.codespaces.reloadServer": "Kill VS Code Server on Host...",
    "extension.codespaces.shutdownEnvironment": "Suspend Codespace",
    "extension.codespaces.selectShutdownEnvironment": "Select a Codespace to Suspend",
    "extension.codespaces.disconnectSuspend": "Suspend Current Codespace",
    "extension.codespaces.changeEnvironmentSettings": "Change Codespace Settings",
    "extension.codespaces.vmconnect": "Open Build Output",
    "extension.codespaces.deleteEnvironment": "Delete Codespace",
    "extension.codespaces.unregisterEnvironment": "Unregister Codespace",
    "extension.codespaces.restoreLocalEnvironment": "Restore Self-hosted Codespace",
    "extension.codespaces.portForwarding": "Forward Port",
    "extension.codespaces.copyServerUrl": "Copy Port URL",
    "extension.codespaces.openInVisualStudio": "Open in Visual Studio",
    "extension.codespaces.openPortInBrowser": "Open Port in Browser",
    "extension.codespaces.unshareServer": "Stop Forwarding Port",
    "extension.codespaces.signOut": "Sign Out",
    "extension.codespaces.signInAndUpdateEnvList": "Sign In",
    "extension.codespaces.selectPlan": "Select Plan",
    "extension.codespaces.createPlan": "Create Plan",
    "extension.codespaces.deletePlan": "Delete Plan",
    "extension.codespaces.getAccessToken": "Get Access Token",
    "extension.codespaces.getExportEnvironmentUrl": "Get Exported Codespace Url",
    "extension.codespaces.downloadExportedEnvironment": "Download Exported Codespace Locally",
    "extension.codespaces.openInNewWindow": "Open Codespace in New Window",
    "extension.codespaces.openInBrowser": "Open in Browser",
    "extension.codespaces.openInStable": "Open in VS Code",
    "extension.codespaces.openInInsiders": "Open in VS Code Insiders",
    "extension.codespaces.authCallbackForUITest": "Auth Callback For UI Test",
    "extension.codespaces.getAzureToken": "Get Azure Token",
    "extension.codespaces.viewCreationLog": "View Creation Log"
}