{
	"extension.codespaces.displayName": "Visual Studio Codespaces",
	"extension.codespaces.description": "Intelligente Produktivität und Zusammenarbeit – an jedem Standort, unterstützt durch die Cloud.",
	"extension.codespaces.remoteViewExplorer": "Codespaces",
	"extension.codespaces.remoteViewExplorerDetails": "Details zum Codespace",
	"extension.codespaces.planFilter": "Visual Studio Codespaces-Planfilter. Jedes Element ist eine vollqualifizierte Planressourcen-ID.",
	"extension.codespaces.defaultExtensions": "Standarderweiterungen für die Installation in VS Codespaces",
	"extension.codespaces.featureSetMarkdown": "Steuert den Satz aktiver Features.",
	"extension.codespaces.dotfilesRepository": "URL eines dotfiles git-Repositorys (z. B. https://github.com/owner/repository.git) oder Besitzer/Repository eines GitHub-Repositorys.",
	"extension.codespaces.dotfilesInstallCommand": "Der Befehl, der nach dem Klonen des dotfiles-Repositorys relativ zum Klonordner ausgeführt werden soll. Standardwerte: \"install.sh\" für Linux, \"bootstrap.ps1\" für Windows.",
	"extension.codespaces.dotfilesTargetPath": "Der Pfad, in den das dotfiles-Repository geklont werden soll. Standardwerte: \"~/dotfiles\" unter Linux, \"C:\\dotfiles\" unter Windows.",
	"extension.codespaces.enableSuspendOnIdleConnection": "Hält einen Codespace an, falls die konfigurierte maximale Leerlaufzeit, nach der ein automatisches Anhalten erfolgt, für die Verbindung überschritten wird.",
	"extension.codespaces.accountProvider": "Wählt den Kontotyp aus, der für die Authentifizierung verwendet werden soll.",
	"extension.codespaces.exportLogs": "Protokolle exportieren",
	"extension.codespaces.exportEnvironment": "Export Codespace",
	"extension.codespaces.addEnvironment": "Neuen Codespace erstellen",
	"extension.codespaces.refresh": "Aktualisieren",
	"extension.codespaces.checkoutPRInEnvironment": "In neuem Codespace auschecken",
	"extension.codespaces.registerLocalEnvironment": "Selbstgehosteten Codespace registrieren",
	"extension.codespaces.connect": "Verbindung mit Codespace herstellen",
	"extension.codespaces.disconnectEnvironment": "Trennen",
	"extension.codespaces.reloadServer": "VS Code-Server auf dem Host beenden...",
	"extension.codespaces.shutdownEnvironment": "Codespace anhalten",
	"extension.codespaces.selectShutdownEnvironment": "Wählen Sie einen Codespace aus, den Sie anhalten möchten.",
	"extension.codespaces.disconnectSuspend": "Aktuellen Codespace anhalten",
	"extension.codespaces.changeEnvironmentSettings": "Codespaceeinstellungen ändern",
	"extension.codespaces.vmconnect": "Buildausgabe öffnen",
	"extension.codespaces.deleteEnvironment": "Codespace löschen",
	"extension.codespaces.unregisterEnvironment": "Registrierung für Codespace aufheben",
	"extension.codespaces.restoreLocalEnvironment": "Selbstgehosteten Codespace wiederherstellen",
	"extension.codespaces.portForwarding": "Port weiterleiten",
	"extension.codespaces.copyServerUrl": "Port-URL kopieren",
	"extension.codespaces.openInVisualStudio": "In Visual Studio öffnen",
	"extension.codespaces.openPortInBrowser": "Port in Browser öffnen",
	"extension.codespaces.unshareServer": "Portweiterleitung beenden",
	"extension.codespaces.signOut": "Abmelden",
	"extension.codespaces.signInAndUpdateEnvList": "Anmelden",
	"extension.codespaces.selectPlan": "Plan auswählen",
	"extension.codespaces.createPlan": "Plan erstellen",
	"extension.codespaces.deletePlan": "Plan löschen",
	"extension.codespaces.getAccessToken": "Zugriffstoken abrufen",
	"extension.codespaces.getExportEnvironmentUrl": "Get Exported Codespace Url",
	"extension.codespaces.downloadExportedEnvironment": "Download Exported Codespace Locally",
	"extension.codespaces.openInNewWindow": "Codespace in neuem Fenster öffnen",
	"extension.codespaces.openInBrowser": "In Browser öffnen",
	"extension.codespaces.openInStable": "In VS Code öffnen",
	"extension.codespaces.openInInsiders": "In VS Code Insiders öffnen",
	"extension.codespaces.authCallbackForUITest": "Authentifizierungsrückruf für UI-Test",
	"extension.codespaces.getAzureToken": "Azure-Token abrufen",
	"extension.codespaces.viewCreationLog": "Erstellungsprotokoll anzeigen"
}