{
	"extension.codespaces.displayName": "Visual Studio Codespaces",
	"extension.codespaces.description": "Her yerden, bulut tarafından desteklenen akıllı verimlilik ve işbirliği.",
	"extension.codespaces.remoteViewExplorer": "Codespaces",
	"extension.codespaces.remoteViewExplorerDetails": "Kod Alanı Ayrıntıları",
	"extension.codespaces.planFilter": "Visual Studio Codespaces Planı filtresi. Her öğe bir tam nitelikli Plan kaynak kimliğidir.",
	"extension.codespaces.defaultExtensions": "VS Codespaces'e yüklenecek varsayılan uzantılar",
	"extension.codespaces.featureSetMarkdown": "Etkin özellikler kümesini denetler.",
	"extension.codespaces.dotfilesRepository": "Bir noktalı dosya Git deposunun (örneğin, https://github.com/owner/repository.git) URL'si veya bir GitHub deposunun sahibi/deposu.",
	"extension.codespaces.dotfilesInstallCommand": "Noktalı dosya deposu, klonlama klasörüne göreli olarak klonlandıktan sonra çalıştırılacak komut. Varsayılan: Linux için `install.sh`, Windows için `bootstrap.ps1`.",
	"extension.codespaces.dotfilesTargetPath": "Noktalı dosya deposunun klonlanacağı yol. Varsayılan: Linux'ta `~/dotfiles`, Windows'ta `C:\\dotfiles`.",
	"extension.codespaces.enableSuspendOnIdleConnection": "Bağlantı, yapılandırılan otomatik askıya alma süresi boyunca boşta kalırsa Kod Alanının askıya alınmasını etkinleştirir.",
	"extension.codespaces.accountProvider": "Kimlik doğrulaması için kullanılacak hesap türünü seçer.",
	"extension.codespaces.exportLogs": "Günlükleri Dışarı Aktar",
	"extension.codespaces.exportEnvironment": "Export Codespace",
	"extension.codespaces.addEnvironment": "Yeni Kod Alanı Oluştur",
	"extension.codespaces.refresh": "Yenile",
	"extension.codespaces.checkoutPRInEnvironment": "Yeni Kod Alanında Kullanıma Al",
	"extension.codespaces.registerLocalEnvironment": "Şirket içinde barındırılan Kod Alanını kaydet",
	"extension.codespaces.connect": "Kod Alanına bağlan",
	"extension.codespaces.disconnectEnvironment": "Bağlantıyı Kes",
	"extension.codespaces.reloadServer": "Konaktaki VS Code Sunucusunu sonlandır...",
	"extension.codespaces.shutdownEnvironment": "Kod Alanını Askıya Al",
	"extension.codespaces.selectShutdownEnvironment": "Askıya alınacak bir Kod Alanı seçin",
	"extension.codespaces.disconnectSuspend": "Geçerli Kod Alanını Askıya Al",
	"extension.codespaces.changeEnvironmentSettings": "Kod Alanı Ayarlarını Değiştir",
	"extension.codespaces.vmconnect": "Derleme Çıkışını Aç",
	"extension.codespaces.deleteEnvironment": "Kod Alanını sil",
	"extension.codespaces.unregisterEnvironment": "Kod Alanı Kaydını Sil",
	"extension.codespaces.restoreLocalEnvironment": "Şirket içinde barındırılan Kod Alanını geri yükle",
	"extension.codespaces.portForwarding": "Bağlantı Noktasını İlet",
	"extension.codespaces.copyServerUrl": "Bağlantı Noktası URL'sini Kopyala",
	"extension.codespaces.openInVisualStudio": "Visual Studio'da aç",
	"extension.codespaces.openPortInBrowser": "Bağlantı Noktasını Tarayıcıda Aç",
	"extension.codespaces.unshareServer": "Bağlantı Noktası İletmeyi Durdur",
	"extension.codespaces.signOut": "Oturumu Kapat",
	"extension.codespaces.signInAndUpdateEnvList": "Oturum Aç",
	"extension.codespaces.selectPlan": "Plan seçin",
	"extension.codespaces.createPlan": "Plan Oluştur",
	"extension.codespaces.deletePlan": "Planı Sil",
	"extension.codespaces.getAccessToken": "Erişim Belirteci Al",
	"extension.codespaces.getExportEnvironmentUrl": "Get Exported Codespace Url",
	"extension.codespaces.downloadExportedEnvironment": "Download Exported Codespace Locally",
	"extension.codespaces.openInNewWindow": "Kod Alanını Yeni Pencerede Aç",
	"extension.codespaces.openInBrowser": "Tarayıcıda Aç",
	"extension.codespaces.openInStable": "VS Code'da aç",
	"extension.codespaces.openInInsiders": "VS Code Insiders'da aç",
	"extension.codespaces.authCallbackForUITest": "UI Testi için Kimlik Doğrulama Geri Çağırması",
	"extension.codespaces.getAzureToken": "Azure Belirteci Al",
	"extension.codespaces.viewCreationLog": "Oluşturma günlüğünü Görüntüle"
}