{
	"extension.codespaces.displayName": "Codespaces do Visual Studio",
	"extension.codespaces.description": "Produtividade e colaboração inteligente, de qualquer lugar, alimentada pela nuvem.",
	"extension.codespaces.remoteViewExplorer": "Codespaces",
	"extension.codespaces.remoteViewExplorerDetails": "Detalhes do Espaço de Código",
	"extension.codespaces.planFilter": "Filtro de Plano dos Codespaces do Visual Studio. Cada item é uma ID do recurso de Plano totalmente qualificada.",
	"extension.codespaces.defaultExtensions": "Extensões padrão para serem instaladas nos Codespaces do VS",
	"extension.codespaces.featureSetMarkdown": "Controla o conjunto de recursos ativos.",
	"extension.codespaces.dotfilesRepository": "URL de um repositório Git do dotfiles (por exemplo, https://github.com/owner/repository.git) ou proprietário/repositório de um repositório GitHub.",
	"extension.codespaces.dotfilesInstallCommand": "O comando a ser executado após a clonagem do repositório dotfiles em relação à pasta de clones. O padrão é `install.sh` para Linux e `bootstrap.ps1` para Windows.",
	"extension.codespaces.dotfilesTargetPath": "O caminho no qual o repositório dotfiles será clonado. O padrão é `~/dotfiles` no Linux e `C:\\dotfiles` no Windows.",
	"extension.codespaces.enableSuspendOnIdleConnection": "Habilita a suspensão do Espaço de Código se a conexão está ociosa para o tempo de suspensão automática configurado.",
	"extension.codespaces.accountProvider": "Seleciona o tipo de conta a ser usado para autenticação.",
	"extension.codespaces.exportLogs": "Exportar Logs",
	"extension.codespaces.exportEnvironment": "Export Codespace",
	"extension.codespaces.addEnvironment": "Criar o Espaço de Código",
	"extension.codespaces.refresh": "Atualizar",
	"extension.codespaces.checkoutPRInEnvironment": "Fazer check-out no Novo Espaço de Código",
	"extension.codespaces.registerLocalEnvironment": "Registrar o Espaço de Código Auto-hospedado",
	"extension.codespaces.connect": "Conectar ao Espaço de Código",
	"extension.codespaces.disconnectEnvironment": "Desconectar",
	"extension.codespaces.reloadServer": "Encerrar o Servidor do VS Code no Host...",
	"extension.codespaces.shutdownEnvironment": "Suspender o Espaço de Código",
	"extension.codespaces.selectShutdownEnvironment": "Selecione um Espaço de Código a ser Suspenso",
	"extension.codespaces.disconnectSuspend": "Suspender o Espaço de Código Atual",
	"extension.codespaces.changeEnvironmentSettings": "Alterar Configurações do Espaço de Código",
	"extension.codespaces.vmconnect": "Abrir Saída de Build",
	"extension.codespaces.deleteEnvironment": "Excluir o Espaço de Código",
	"extension.codespaces.unregisterEnvironment": "Cancelar registro do Espaço de Código",
	"extension.codespaces.restoreLocalEnvironment": "Restaurar o Espaço de Código Auto-hospedado",
	"extension.codespaces.portForwarding": "Porta de Encaminhamento",
	"extension.codespaces.copyServerUrl": "Copiar URL da Porta",
	"extension.codespaces.openInVisualStudio": "Abrir no Visual Studio",
	"extension.codespaces.openPortInBrowser": "Abrir Porta no Navegador",
	"extension.codespaces.unshareServer": "Parar a Porta de Encaminhamento",
	"extension.codespaces.signOut": "Sair",
	"extension.codespaces.signInAndUpdateEnvList": "Entrar",
	"extension.codespaces.selectPlan": "Selecionar Plano",
	"extension.codespaces.createPlan": "Criar Plano",
	"extension.codespaces.deletePlan": "Excluir Plano",
	"extension.codespaces.getAccessToken": "Obter Token de Acesso",
	"extension.codespaces.getExportEnvironmentUrl": "Get Exported Codespace Url",
	"extension.codespaces.downloadExportedEnvironment": "Download Exported Codespace Locally",
	"extension.codespaces.openInNewWindow": "Abrir o Espaço de Código em uma Nova Janela",
	"extension.codespaces.openInBrowser": "Abrir no Navegador",
	"extension.codespaces.openInStable": "Abrir no VS Code",
	"extension.codespaces.openInInsiders": "Abrir no VS Code Insiders",
	"extension.codespaces.authCallbackForUITest": "Retorno de chamada de Autenticação para teste de interface do usuário",
	"extension.codespaces.getAzureToken": "Obter Token do Azure",
	"extension.codespaces.viewCreationLog": "Exibir Log de Criação"
}