{
	"extension.codespaces.displayName": "Visual Studio Codespaces",
	"extension.codespaces.description": "Productividad y colaboración inteligentes, desde cualquier lugar, con la tecnología de la nube.",
	"extension.codespaces.remoteViewExplorer": "Codespaces",
	"extension.codespaces.remoteViewExplorerDetails": "Detalles del espacio de código",
	"extension.codespaces.planFilter": "Filtro del plan de Visual Studio Codespaces. Cada elemento es un identificador completo de un recurso del plan.",
	"extension.codespaces.defaultExtensions": "Extensiones predeterminadas para instalar en VS Codespaces",
	"extension.codespaces.featureSetMarkdown": "Controla el conjunto de características activas.",
	"extension.codespaces.dotfilesRepository": "Dirección URL de un repositorio GIT de dotfiles (por ejemplo, https://github.com/owner/repository.git) o bien el propietario/repositorio de un repositorio de GitHub.",
	"extension.codespaces.dotfilesInstallCommand": "Comando que se va a ejecutar después de clonar el repositorio de dotfiles, relativo a la carpeta de clonación. El valor predeterminado es \"install.sh\" para Linux y \"bootstrap.ps1\" para Windows.",
	"extension.codespaces.dotfilesTargetPath": "Ruta de acceso en la que se va a clonar el repositorio de dotfiles. El valor predeterminado es \"~ 007E;/dotfiles\" en Linux y \"C:\\dotfiles\" en Windows.",
	"extension.codespaces.enableSuspendOnIdleConnection": "Habilita la suspensión del espacio de código si la conexión está inactiva durante el tiempo configurado para la suspensión automática.",
	"extension.codespaces.accountProvider": "Selecciona el tipo de cuenta que se va a usar para la autenticación.",
	"extension.codespaces.exportLogs": "Exportar registros",
	"extension.codespaces.exportEnvironment": "Export Codespace",
	"extension.codespaces.addEnvironment": "Crear un espacio de código",
	"extension.codespaces.refresh": "Actualizar",
	"extension.codespaces.checkoutPRInEnvironment": "Restaurar en el nuevo espacio de código",
	"extension.codespaces.registerLocalEnvironment": "Registrar un espacio de código autohospedado",
	"extension.codespaces.connect": "Conectarse al espacio de código",
	"extension.codespaces.disconnectEnvironment": "Desconectar",
	"extension.codespaces.reloadServer": "Terminar el servidor de VS Code en el host...",
	"extension.codespaces.shutdownEnvironment": "Suspender el espacio de código",
	"extension.codespaces.selectShutdownEnvironment": "Seleccionar un espacio de código para suspenderlo",
	"extension.codespaces.disconnectSuspend": "Suspender el espacio de código actual",
	"extension.codespaces.changeEnvironmentSettings": "Cambiar la configuración del espacio de código",
	"extension.codespaces.vmconnect": "Abrir la salida de la compilación",
	"extension.codespaces.deleteEnvironment": "Eliminar el espacio de código",
	"extension.codespaces.unregisterEnvironment": "Cancelar el registro del espacio de código",
	"extension.codespaces.restoreLocalEnvironment": "Restaurar el espacio de código autohospedado",
	"extension.codespaces.portForwarding": "Enrutar puerto",
	"extension.codespaces.copyServerUrl": "Copiar la dirección URL del puerto",
	"extension.codespaces.openInVisualStudio": "Abrir en Visual Studio",
	"extension.codespaces.openPortInBrowser": "Abrir el puerto en el explorador",
	"extension.codespaces.unshareServer": "Detener enrutamiento de puerto",
	"extension.codespaces.signOut": "Cerrar sesión",
	"extension.codespaces.signInAndUpdateEnvList": "Iniciar sesión",
	"extension.codespaces.selectPlan": "Seleccionar plan",
	"extension.codespaces.createPlan": "Crear plan",
	"extension.codespaces.deletePlan": "Eliminar plan",
	"extension.codespaces.getAccessToken": "Obtener un token de acceso",
	"extension.codespaces.getExportEnvironmentUrl": "Get Exported Codespace Url",
	"extension.codespaces.downloadExportedEnvironment": "Download Exported Codespace Locally",
	"extension.codespaces.openInNewWindow": "Abrir el espacio de código en una ventana nueva",
	"extension.codespaces.openInBrowser": "Abrir en el explorador",
	"extension.codespaces.openInStable": "Abrir en VS Code",
	"extension.codespaces.openInInsiders": "Abrir en VS Code Insiders",
	"extension.codespaces.authCallbackForUITest": "Devolución de llamada de autenticación para la prueba de IU",
	"extension.codespaces.getAzureToken": "Obtener token de Azure",
	"extension.codespaces.viewCreationLog": "Ver el registro de creación"
}