{
	"extension.codespaces.displayName": "Visual Studio Codespaces",
	"extension.codespaces.description": "Высокая производительность с применением интеллектуальных функций и совместная работа в любом месте благодаря облачным технологиям.",
	"extension.codespaces.remoteViewExplorer": "Codespaces",
	"extension.codespaces.remoteViewExplorerDetails": "Сведения о пространстве кода",
	"extension.codespaces.planFilter": "Фильтр планов Visual Studio Codespaces. Каждый элемент представляет собой полный идентификатор ресурса плана.",
	"extension.codespaces.defaultExtensions": "Расширения по умолчанию, которые будут установлены в VS Codespaces",
	"extension.codespaces.featureSetMarkdown": "Управляет набором активных функций.",
	"extension.codespaces.dotfilesRepository": "URL-адрес репозитория Git файлов с точкой (например, https://github.com/owner/repository.git), владельца репозитория GitHub или репозитория GitHub.",
	"extension.codespaces.dotfilesInstallCommand": "Команда, которая будет запускаться после клонирования репозитория файлов с точкой (путь в команде задается относительно папки клонирования). По умолчанию: \"install.sh\" в Linux, \"bootstrap.ps1\" в Windows.",
	"extension.codespaces.dotfilesTargetPath": "Путь для клонирования репозитория файлов с точкой. По умолчанию: \"~/dotfiles\" в Linux, \"C:\\dotfiles\" в Windows.",
	"extension.codespaces.enableSuspendOnIdleConnection": "Включает приостановку пространства кода, если подключение неактивно в течение заданного времени.",
	"extension.codespaces.accountProvider": "Выбирает тип учетной записи, используемой для проверки подлинности.",
	"extension.codespaces.exportLogs": "Экспорт журналов",
	"extension.codespaces.exportEnvironment": "Export Codespace",
	"extension.codespaces.addEnvironment": "Создание пространства кода",
	"extension.codespaces.refresh": "Обновить",
	"extension.codespaces.checkoutPRInEnvironment": "Извлечение в новое пространство кода",
	"extension.codespaces.registerLocalEnvironment": "Регистрация пространства кода с самостоятельным размещением",
	"extension.codespaces.connect": "Подключение к пространству кода",
	"extension.codespaces.disconnectEnvironment": "Отключиться",
	"extension.codespaces.reloadServer": "Завершить работу сервера VS Code на узле…",
	"extension.codespaces.shutdownEnvironment": "Приостановка пространства кода",
	"extension.codespaces.selectShutdownEnvironment": "Выберите пространство кода, которое необходимо приостановить.",
	"extension.codespaces.disconnectSuspend": "Приостановка текущего пространства кода",
	"extension.codespaces.changeEnvironmentSettings": "Изменение параметров пространства кода",
	"extension.codespaces.vmconnect": "Открыть выходные данные сборки",
	"extension.codespaces.deleteEnvironment": "Удаление пространства кода",
	"extension.codespaces.unregisterEnvironment": "Отмена регистрации пространства кода",
	"extension.codespaces.restoreLocalEnvironment": "Восстановление пространства кода с самостоятельным размещением",
	"extension.codespaces.portForwarding": "Включить перенаправление для порта",
	"extension.codespaces.copyServerUrl": "Копировать URL-адрес порта",
	"extension.codespaces.openInVisualStudio": "Открыть в Visual Studio",
	"extension.codespaces.openPortInBrowser": "Открыть порт в браузере",
	"extension.codespaces.unshareServer": "Остановить перенаправление для порта",
	"extension.codespaces.signOut": "Выход",
	"extension.codespaces.signInAndUpdateEnvList": "Вход",
	"extension.codespaces.selectPlan": "Выбор плана",
	"extension.codespaces.createPlan": "Создать план",
	"extension.codespaces.deletePlan": "Удаление плана",
	"extension.codespaces.getAccessToken": "Получить маркер доступа",
	"extension.codespaces.getExportEnvironmentUrl": "Get Exported Codespace Url",
	"extension.codespaces.downloadExportedEnvironment": "Download Exported Codespace Locally",
	"extension.codespaces.openInNewWindow": "Открыть пространство кода в новом окне",
	"extension.codespaces.openInBrowser": "Открыть в браузере",
	"extension.codespaces.openInStable": "Открыть в VS Code",
	"extension.codespaces.openInInsiders": "Открыть в VS Code Insiders",
	"extension.codespaces.authCallbackForUITest": "Обратный вызов проверки подлинности для теста пользовательского интерфейса",
	"extension.codespaces.getAzureToken": "Получить маркер Azure",
	"extension.codespaces.viewCreationLog": "Просмотреть журнал создания"
}