{
	"extension.codespaces.displayName": "Visual Studio Codespaces",
	"extension.codespaces.description": "クラウドを利用した任意の場所からのインテリジェントな生産性向上とコラボレーション。",
	"extension.codespaces.remoteViewExplorer": "Codespaces",
	"extension.codespaces.remoteViewExplorerDetails": "コードスペースの詳細",
	"extension.codespaces.planFilter": "Visual Studio Codespaces プラン フィルター。各項目は完全修飾されたプラン リソース ID です。",
	"extension.codespaces.defaultExtensions": "VS Codespaces にインストールする既定の拡張機能",
	"extension.codespaces.featureSetMarkdown": "アクティブな機能のセットを制御します。",
	"extension.codespaces.dotfilesRepository": "ドットファイル Git リポジトリの URL (例: https://github.com/owner/repository.git)、または GitHub リポジトリの owner/repository。",
	"extension.codespaces.dotfilesInstallCommand": "クローン フォルダーに相対する、ドットファイル リポジトリをクローンした後に実行するコマンドです。既定値は、Linux の場合は 'install.sh'、Windows の場合は 'bootstrap.ps1' です。",
	"extension.codespaces.dotfilesTargetPath": "ドットファイル リポジトリのクローン先のパス。既定値は、Linux 上では '~/dotfiles'、Windows 上では 'C:\\dotfiles' です。",
	"extension.codespaces.enableSuspendOnIdleConnection": "構成された自動中断時間にわたって接続がアイドル状態の場合、コードスペースの中断を有効にします。",
	"extension.codespaces.accountProvider": "認証に使用するアカウントの種類を選択します。",
	"extension.codespaces.exportLogs": "ログのエクスポート",
	"extension.codespaces.exportEnvironment": "Export Codespace",
	"extension.codespaces.addEnvironment": "新しい Codespace の作成",
	"extension.codespaces.refresh": "最新の情報に更新",
	"extension.codespaces.checkoutPRInEnvironment": "新しい Codespace でのチェックアウト",
	"extension.codespaces.registerLocalEnvironment": "セルフホステッド Codespace の登録",
	"extension.codespaces.connect": "Codespace に接続",
	"extension.codespaces.disconnectEnvironment": "切断",
	"extension.codespaces.reloadServer": "ホスト上の VS Code Server を強制終了...",
	"extension.codespaces.shutdownEnvironment": "Codespace の中断",
	"extension.codespaces.selectShutdownEnvironment": "中断するコードスペースの選択",
	"extension.codespaces.disconnectSuspend": "現在の Codespace を中断する",
	"extension.codespaces.changeEnvironmentSettings": "コードスペース設定の変更",
	"extension.codespaces.vmconnect": "ビルド出力を開く",
	"extension.codespaces.deleteEnvironment": "Codespace の削除",
	"extension.codespaces.unregisterEnvironment": "Codespace の登録解除",
	"extension.codespaces.restoreLocalEnvironment": "セルフホステッド Codespace の復元",
	"extension.codespaces.portForwarding": "ポートを転送する",
	"extension.codespaces.copyServerUrl": "ポート URL のコピー",
	"extension.codespaces.openInVisualStudio": "Visual Studio で開く",
	"extension.codespaces.openPortInBrowser": "ブラウザーでポートを開く",
	"extension.codespaces.unshareServer": "ポートの転送を停止する",
	"extension.codespaces.signOut": "サインアウト",
	"extension.codespaces.signInAndUpdateEnvList": "サインイン",
	"extension.codespaces.selectPlan": "プランの選択",
	"extension.codespaces.createPlan": "プランの作成",
	"extension.codespaces.deletePlan": "プランの削除",
	"extension.codespaces.getAccessToken": "アクセス トークンの取得",
	"extension.codespaces.getExportEnvironmentUrl": "Get Exported Codespace Url",
	"extension.codespaces.downloadExportedEnvironment": "Download Exported Codespace Locally",
	"extension.codespaces.openInNewWindow": "コードスペースを新しいウィンドウで開く",
	"extension.codespaces.openInBrowser": "ブラウザーで開く",
	"extension.codespaces.openInStable": "VS Code で開く",
	"extension.codespaces.openInInsiders": "VS Code Insiders で開く",
	"extension.codespaces.authCallbackForUITest": "UI テスト用の認証コールバック",
	"extension.codespaces.getAzureToken": "Azure トークンの取得",
	"extension.codespaces.viewCreationLog": "作成ログの表示"
}