{
	"extension.codespaces.displayName": "Visual Studio 程式碼空間",
	"extension.codespaces.description": "不受位置限制、由雲端提供支援的智慧生產力與共同作業。",
	"extension.codespaces.remoteViewExplorer": "程式碼空間",
	"extension.codespaces.remoteViewExplorerDetails": "程式碼空間詳細資料",
	"extension.codespaces.planFilter": "Visual Studio 程式碼空間方案篩選。每個項目都是完整的方案資源識別碼。",
	"extension.codespaces.defaultExtensions": "要在 VS 程式碼空間中安裝的預設延伸模組",
	"extension.codespaces.featureSetMarkdown": "控制使用中功能集。",
	"extension.codespaces.dotfilesRepository": "點號檔 Git 存放庫的 URL (例如 https://github.com/owner/repository.git) 或 GitHub 存放庫的擁有者/存放庫。",
	"extension.codespaces.dotfilesInstallCommand": "相對於複製資料夾，在複製點號檔存放庫之後要執行的命令。預設為 `install.sh` (適用於 Linux )、`bootstrap.ps1` (適用於 Windows)。",
	"extension.codespaces.dotfilesTargetPath": "要複製點號檔存放庫的路徑。預設為 `~/dotfiles` (Linux)、`C:\\dotfiles` (Windows)。",
	"extension.codespaces.enableSuspendOnIdleConnection": "可在連線閒置時間達到所設定的自動暫止時間時，暫止程式碼空間。",
	"extension.codespaces.accountProvider": "選取要用於驗證的帳戶類型。",
	"extension.codespaces.exportLogs": "匯出記錄",
	"extension.codespaces.exportEnvironment": "Export Codespace",
	"extension.codespaces.addEnvironment": "建立新的程式碼空間",
	"extension.codespaces.refresh": "重新整理",
	"extension.codespaces.checkoutPRInEnvironment": "在新的程式碼空間中簽出",
	"extension.codespaces.registerLocalEnvironment": "註冊自我裝載式程式碼空間",
	"extension.codespaces.connect": "連線至程式碼空間",
	"extension.codespaces.disconnectEnvironment": "中斷連線",
	"extension.codespaces.reloadServer": "在主機上終止 VS Code 伺服器...",
	"extension.codespaces.shutdownEnvironment": "暫止程式碼空間",
	"extension.codespaces.selectShutdownEnvironment": "選取要暫止的程式碼空間",
	"extension.codespaces.disconnectSuspend": "暫止目前的程式碼空間",
	"extension.codespaces.changeEnvironmentSettings": "變更程式碼空間設定",
	"extension.codespaces.vmconnect": "開啟建置輸出",
	"extension.codespaces.deleteEnvironment": "刪除程式碼空間",
	"extension.codespaces.unregisterEnvironment": "將程式碼空間取消註冊",
	"extension.codespaces.restoreLocalEnvironment": "還原自我裝載式程式碼空間",
	"extension.codespaces.portForwarding": "轉送連接埠",
	"extension.codespaces.copyServerUrl": "複製連接埠 URL",
	"extension.codespaces.openInVisualStudio": "在 Visual Studio 中開啟",
	"extension.codespaces.openPortInBrowser": "在瀏覽器中開啟連接埠",
	"extension.codespaces.unshareServer": "停止轉送連接埠",
	"extension.codespaces.signOut": "登出",
	"extension.codespaces.signInAndUpdateEnvList": "登入",
	"extension.codespaces.selectPlan": "選取方案",
	"extension.codespaces.createPlan": "建立方案",
	"extension.codespaces.deletePlan": "刪除方案",
	"extension.codespaces.getAccessToken": "取得存取權杖",
	"extension.codespaces.getExportEnvironmentUrl": "Get Exported Codespace Url",
	"extension.codespaces.downloadExportedEnvironment": "Download Exported Codespace Locally",
	"extension.codespaces.openInNewWindow": "在新視窗中開啟程式碼空間",
	"extension.codespaces.openInBrowser": "在瀏覽器中開啟",
	"extension.codespaces.openInStable": "在 VS Code 中開啟",
	"extension.codespaces.openInInsiders": "在 VS Code Insiders 中開啟",
	"extension.codespaces.authCallbackForUITest": "UI 測試的驗證回呼",
	"extension.codespaces.getAzureToken": "取得 Azure 權杖",
	"extension.codespaces.viewCreationLog": "檢視建立記錄"
}