{
	"extension.codespaces.displayName": "Visual Studio Codespaces",
	"extension.codespaces.description": "从任何位置实现智能生产力和协作，由云提供支持。",
	"extension.codespaces.remoteViewExplorer": "Codespace",
	"extension.codespaces.remoteViewExplorerDetails": "Codespace 详细信息",
	"extension.codespaces.planFilter": "Visual Studio Codespaces 计划筛选器。每项都是一个完全限定的计划资源 ID。",
	"extension.codespaces.defaultExtensions": "要在 VS Codespacs 中安装的默认扩展",
	"extension.codespaces.featureSetMarkdown": "控制一组活动功能。",
	"extension.codespaces.dotfilesRepository": "点文件 Git 存储库的 URL (例如 https://github.com/owner/repository.git)或 GitHub 存储库的 owner/repository。",
	"extension.codespaces.dotfilesInstallCommand": "在克隆点文件存储库之后要运行的命令，相对于克隆文件夹。Linux 上默认为 \"install.sh\"，Windows 上默认为 \"bootstrap.ps1\"。",
	"extension.codespaces.dotfilesTargetPath": "要将点文件存储库克隆到的路径。Linux 上默认为 \"~/dotfiles\"，Windows 上默认为 \"C:\\dotfiles\"。",
	"extension.codespaces.enableSuspendOnIdleConnection": "如果在配置的自动挂起时间里连接处于空闲状态，则启用挂起 Codespace。",
	"extension.codespaces.accountProvider": "选择用于身份验证的帐户类型。",
	"extension.codespaces.exportLogs": "导出日志",
	"extension.codespaces.exportEnvironment": "Export Codespace",
	"extension.codespaces.addEnvironment": "新建 Codespace",
	"extension.codespaces.refresh": "刷新",
	"extension.codespaces.checkoutPRInEnvironment": "在新的 Codespace 中签出",
	"extension.codespaces.registerLocalEnvironment": "注册自承载 Codespace",
	"extension.codespaces.connect": "连接到 Codespace",
	"extension.codespaces.disconnectEnvironment": "断开连接",
	"extension.codespaces.reloadServer": "在主机上终止 VS Code 服务器...",
	"extension.codespaces.shutdownEnvironment": "挂起 Codespace",
	"extension.codespaces.selectShutdownEnvironment": "选择要挂起的 Codespace",
	"extension.codespaces.disconnectSuspend": "挂起当前的 Codespace",
	"extension.codespaces.changeEnvironmentSettings": "更改 Codespace 设置",
	"extension.codespaces.vmconnect": "打开生成输出",
	"extension.codespaces.deleteEnvironment": "删除 Codespace",
	"extension.codespaces.unregisterEnvironment": "取消注册 Codespace",
	"extension.codespaces.restoreLocalEnvironment": "还原自承载 Codespace",
	"extension.codespaces.portForwarding": "转发端口",
	"extension.codespaces.copyServerUrl": "复制端口 URL",
	"extension.codespaces.openInVisualStudio": "在 Visual Studio 中打开",
	"extension.codespaces.openPortInBrowser": "在浏览器中打开端口",
	"extension.codespaces.unshareServer": "停止转发端口",
	"extension.codespaces.signOut": "注销",
	"extension.codespaces.signInAndUpdateEnvList": "登录",
	"extension.codespaces.selectPlan": "选择计划",
	"extension.codespaces.createPlan": "创建计划",
	"extension.codespaces.deletePlan": "删除计划",
	"extension.codespaces.getAccessToken": "获取访问令牌",
	"extension.codespaces.getExportEnvironmentUrl": "Get Exported Codespace Url",
	"extension.codespaces.downloadExportedEnvironment": "Download Exported Codespace Locally",
	"extension.codespaces.openInNewWindow": "在新窗口中打开 Codespace",
	"extension.codespaces.openInBrowser": "在浏览器中打开",
	"extension.codespaces.openInStable": "在 VS Code 中打开",
	"extension.codespaces.openInInsiders": "在 VS Code Insiders 中打开",
	"extension.codespaces.authCallbackForUITest": "用于 UI 测试的身份验证回调",
	"extension.codespaces.getAzureToken": "获取 Azure 令牌",
	"extension.codespaces.viewCreationLog": "查看创建日志"
}