{
	"extension.codespaces.displayName": "Visual Studio Codespaces",
	"extension.codespaces.description": "Produttività e collaborazione intelligenti dal cloud, disponibili ovunque.",
	"extension.codespaces.remoteViewExplorer": "Codespaces",
	"extension.codespaces.remoteViewExplorerDetails": "Dettagli del codespace",
	"extension.codespaces.planFilter": "Filtro per i piani di Visual Studio Codespaces. Ogni elemento corrisponde a un ID risorsa piano completo.",
	"extension.codespaces.defaultExtensions": "Estensioni predefinite da installare in Visual Studio Codespaces",
	"extension.codespaces.featureSetMarkdown": "Controlla il set di funzionalità attive.",
	"extension.codespaces.dotfilesRepository": "URL di un repository GIT di dotfile (ad esempio https://github.com/owner/repository.git) oppure proprietario/repository di un repository GitHub.",
	"extension.codespaces.dotfilesInstallCommand": "Comando da eseguire dopo la clonazione del repository di dotfile, relativo alla cartella per la clonazione. L'impostazione predefinita è `install.sh` per Linux e `bootstrap.ps1` per Windows.",
	"extension.codespaces.dotfilesTargetPath": "Percorso in cui clonare il repository di dotfile. L'impostazione predefinita è `~/dotfiles` in Linux e `C:\\dotfiles` in Windows.",
	"extension.codespaces.enableSuspendOnIdleConnection": "Abilita la sospensione del codespace se la connessione rimane inattiva per il tempo di sospensione automatica configurato.",
	"extension.codespaces.accountProvider": "Consente di selezionare il tipo di account da usare per l'autenticazione.",
	"extension.codespaces.exportLogs": "Esporta log",
	"extension.codespaces.exportEnvironment": "Export Codespace",
	"extension.codespaces.addEnvironment": "Crea nuovo codespace",
	"extension.codespaces.refresh": "Aggiorna",
	"extension.codespaces.checkoutPRInEnvironment": "Esegui checkout nel nuovo codespace",
	"extension.codespaces.registerLocalEnvironment": "Registra codespace self-hosted",
	"extension.codespaces.connect": "Connetti a codespace",
	"extension.codespaces.disconnectEnvironment": "Disconnetti",
	"extension.codespaces.reloadServer": "Termina server VS Code nell'host...",
	"extension.codespaces.shutdownEnvironment": "Sospendi codespace",
	"extension.codespaces.selectShutdownEnvironment": "Seleziona un codespace da sospendere",
	"extension.codespaces.disconnectSuspend": "Sospendi codespace corrente",
	"extension.codespaces.changeEnvironmentSettings": "Modifica impostazioni del codespace",
	"extension.codespaces.vmconnect": "Apri output di compilazione",
	"extension.codespaces.deleteEnvironment": "Elimina codespace",
	"extension.codespaces.unregisterEnvironment": "Annulla registrazione del codespace",
	"extension.codespaces.restoreLocalEnvironment": "Ripristina codespace self-hosted",
	"extension.codespaces.portForwarding": "Inoltra porta",
	"extension.codespaces.copyServerUrl": "Copia URL della porta",
	"extension.codespaces.openInVisualStudio": "Apri in Visual Studio",
	"extension.codespaces.openPortInBrowser": "Apri la porta nel browser",
	"extension.codespaces.unshareServer": "Arresta inoltro della porta",
	"extension.codespaces.signOut": "Disconnetti",
	"extension.codespaces.signInAndUpdateEnvList": "Accedi",
	"extension.codespaces.selectPlan": "Seleziona piano",
	"extension.codespaces.createPlan": "Crea piano",
	"extension.codespaces.deletePlan": "Elimina piano",
	"extension.codespaces.getAccessToken": "Ottieni il token di accesso",
	"extension.codespaces.getExportEnvironmentUrl": "Get Exported Codespace Url",
	"extension.codespaces.downloadExportedEnvironment": "Download Exported Codespace Locally",
	"extension.codespaces.openInNewWindow": "Apri codespace in un'altra finestra",
	"extension.codespaces.openInBrowser": "Apri nel browser",
	"extension.codespaces.openInStable": "Apri in VS Code",
	"extension.codespaces.openInInsiders": "Apri nella versione Insider di VS Code",
	"extension.codespaces.authCallbackForUITest": "Callback AUTH per test dell'interfaccia utente",
	"extension.codespaces.getAzureToken": "Ottieni il token di Azure",
	"extension.codespaces.viewCreationLog": "Visualizza log di creazione"
}