{
  "addNewEnvironment": "Create New Codespace",
  "changeEnvironmentSettings": "Change Codespace Settings",
  "connectEnvironment": "Connect to Codespace",
  "copyServerUrl": "Copy Port URL",
  "createPlan": "Create Plan",
  "deleteEnvironment": "Delete Codespace",
  "disconnect": "Disconnect",
  "documentationLink": "Documentation Link",
  "downloadExportedEnvironment": "Download Exported Codespace Locally",
  "exportLogs": "Export Logs",
  "feedbackLink": "Feedback Link",
  "getExportEnvironmentUrl": "Get Exported Codespace Url",
  "getStartedLink": "Get Started Link",
  "exportEnvironment": "Export Codespace",
  "goHome": "Go Home",
  "issuesLink": "Issues Link",
  "openInBrowser": "Open in Browser",
  "openInInsiders": "Open in VS Code Insiders",
  "openInNewWindow": "Open Codespace in New Window",
  "openInStable": "Open in VS Code",
  "openInVisualStudio": "Open in Visual Studio",
  "portForwarder": "Forward Port",
  "registerLocalEnvironment": "Register Self-hosted Codespace",
  "restoreLocalEnvironment": "Restore Self-hosted Codespace",
  "selectPlan": "Select Plan",
  "shutdownEnvironment": "Suspend Codespace",
  "signIn": "Sign In",
  "signOut": "Sign Out",
  "unregisterEnvironment": "Unregister Codespace",
  "unshare": "Stop Forwarding Port",
  "viewCreationLog": "View Creation Log"
}