{
    "ext.displayName": "Markdown All in One",
    "ext.description": "All you need to write Markdown (keyboard shortcuts, table of contents, auto preview and more)",
    "command.toc.create.title": "Create Table of Contents",
    "command.toc.update.title": "Update Table of Contents",
    "command.toc.addSecNumbers.title": "Add/Update section numbers",
    "command.toc.removeSecNumbers.title": "Remove section numbers",
    "command.printToHtml.title": "Print current document to HTML",
    "command.printToHtmlBatch.title": "Print documents to HTML (select a source folder)",
    "command.editing.toggleCodeSpan.title": "Toggle code span",
    "command.editing.toggleMath.title": "Toggle math environment",
    "command.editing.toggleMathReverse.title": "Toggle math environment (in reverse order)",
    "command.editing.toggleList.title": "Toggle list",
    "command.editing.toggleCodeBlock.title": "Toggle code block",
    "config.title": "Markdown All in One",
    "config.toc.levels.description": "Range of levels for table of contents. Use `x..y` for level x to y",
    "config.toc.orderedList.description": "Use ordered list (1. ..., 2. ...)",
    "config.toc.unorderedList.marker.description": "Use `-`, `*` or `+` in the table of contents (for unordered list)",
    "config.toc.plaintext.description": "Just plain text",
    "config.toc.updateOnSave.description": "Auto update on save",
    "config.toc.githubCompatibility.description": "(Deprecated) GitHub compatibility (use `slugifyMode: 'github' instead`)",
    "config.toc.slugifyMode.description": "Slugify mode for TOC link generation",
    "config.toc.downcaseLink.description": "Whether to downcase TOC links",
    "config.toc.omittedFromToc.description": "Lists of headings to omit by project file (e.g. {\"README.md\": [\"# Introduction\"]})",
    "config.list.indentationSize.description": "Whether to use different indentation sizes on different contexts. (This also affects the generated TOC)",
    "config.list.indentationSize.enumDescriptions.adaptive": "Use 2 spaces for unordered list and 3 for the ordered",
    "config.list.indentationSize.enumDescriptions.inherit": "Use the configured tab size of the current document (see vscode status bar)",
    "config.math.enabled": "Enable basic math support (with KaTeX)",
    "config.preview.autoShowPreviewToSide.description": "Auto show preview to side",
    "config.orderedList.marker.description": "Ordered list marker",
    "config.orderedList.marker.enumDescriptions.one": "Always use `1.` as ordered list marker",
    "config.orderedList.marker.enumDescriptions.ordered": "Use increasing numbers as ordered list marker",
    "config.orderedList.autoRenumber.description": "Auto fix ordered list markers",
    "config.italic.indicator.description": "Use `*` or `_` to wrap italic text",
    "config.tableFormatter.enabled.description": "Enable GFM table formatter",
    "config.tableFormatter.normalizeIndentation.description": "Normalize table indentation to closest multiple of configured tabSize",
    "config.print.absoluteImgPath.description": "Convert image path to absolute path",
    "config.print.imgToBase64.description": "Convert images to base64 when printing to HTML",
    "config.print.onFileSave.description": "Print current document to HTML when file is saved",
    "config.print.validateUrls.description": "Enable/disable URL validation when printing",
    "config.print.theme": "Theme of the exported HTML",
    "config.print.includeVscodeStylesheets": "Include VSCode's basic Markdown styles so that the exported HTML looks similar as inside VSCode",
    "config.syntax.decorations.description": "Add syntax decorations (e.g. ~~strikethrough~~, `code span`)",
    "config.syntax.decorationFileSizeLimit.description": "If a file is larger than this size (in byte/B), we shouldn't attempt to render syntax decorations",
    "config.syntax.plainTheme.description": "Only take effect when `extension.syntax.decorations` is enabled",
    "config.katex.macros.description": "User-defined KaTeX macros",
    "config.completion.root": "The root folder for path auto-completion",
    "config.completion.respectVscodeSearchExclude": "Whether to exclude files from auto-completion using VSCode's `search.exclude` option. (`node_modules`, `bower_components` and `*.code-search` are always excluded, not affected by this option.)",
    "showMe": "Show Me",
    "dismiss": "Dismiss",
    "noValidMarkdownFile": "No valid Markdown file",
    "printing": "Printing",
    "to": "to",
    "unableToReadFile": "Unable to read file",
    "revertingToImagePaths": ". Reverting to image paths instead of base64 encoding",
    "customStyle": "Custom style",
    "notFound": " not found.",
    "cannotUseBuiltinSlugifyFunc": "Cannot use VSCode built-in slugify function, fall back to GitHub slugify funtion. Try to update VSCode to the latest version or set setting `githubCompatibility` to `true`",
    "1.3.0 msg": "Introduce an exciting feature! Auto renumbering ordered list.",
    "1.4.0 msg": "Many new features of Markdown-All-in-One v1.4.0",
    "1.5.0 msg": "Long time no see. Welcome to Markdown-All-in-One v1.5.0.",
    "2.1.0 msg": "Markdown All in One v2.1.0! Paste URL as link, multi-cursor support, and more.",
    "2.4.0 msg": "Markdown All in One v2.4.0! New command 'toggleList' and KaTeX macros support.",
    "3.0.0 msg": "Markdown All in One v3.0.0! New command 'add section numbers' and better compatibility with other Markdown syntax extensions."
}
