{
    "ext.displayName": "Markdown All in One",
    "ext.description": "Markdownの記述に必要なものすべて (キーボードショートカット、目次、自動プレビューなど)",
    "command.toc.create.title": "目次(TOC)の作成",
    "command.toc.update.title": "目次(TOC)の更新",
    "command.printToHtml.title": "現在のドキュメントをHTMLへ出力",
    "command.editing.toggleCodeSpan.title": "一行コード構文をON/OFF",
    "command.editing.toggleMath.title": "数式環境を切り替え",
    "command.editing.toggleMathReverse.title": "数式環境を切り替え (逆順で)",
    "command.editing.toggleList.title": "リスト構文をON/OFF",
    "command.editing.toggleCodeBlock.title": "コードブロック構文をON/OFF",
    "config.title": "Markdown All in One",
    "config.toc.levels.description": "目次(TOC)の階層範囲。階層xからyへ`x..y`として使用します",
    "config.toc.orderedList.description": "目次(TOC)に順序付きリストを使用する (1. ..., 2. ...)",
    "config.toc.unorderedList.marker.description": "目次(TOC)に `-` `*` `+` のどれを使用するか (順序なしリストの場合)",
    "config.toc.plaintext.description": "目次(TOC)にリンクなし(プレーンテキスト)を使用する",
    "config.toc.updateOnSave.description": "目次(TOC)を保存時に自動更新",
    "config.toc.githubCompatibility.description": "目次(TOC)のGitHub互換",
    "config.toc.downcaseLink.description": "目次(TOC)用リンクを小文字化する",
    "config.toc.omittedFromToc.description": "プロジェクトファイルの目次(TOC)で除外する見出しの一覧(例. {\"README.md\": [\"# Introduction\"]})",
    "config.list.indentationSize.description": "異なる構文で異なるインデント幅を使用するかどうか(これは、生成された目次・TOCにも影響します)",
    "config.list.indentationSize.enumDescriptions.adaptive": "順序なしリストには2つのスペースを使用し、順序付きリストには3つのスペースを使用します",
    "config.list.indentationSize.enumDescriptions.inherit": "現在のドキュメントで設定済みのタブ幅を使用する (現在の幅はVSCodeのステータスバーを参照)",
    "config.preview.autoShowPreviewToSide.description": "自動でプレビューを横に表示する",
    "config.orderedList.marker.description": "順序付きリストのマーカー",
    "config.orderedList.marker.enumDescriptions.one": "順序付きリストマーカーとして常に `1.` を使用する",
    "config.orderedList.marker.enumDescriptions.ordered": "順序付きリストマーカーとして増加する連番を使用する",
    "config.orderedList.autoRenumber.description": "順序付きリストマーカーの自動修正",
    "config.italic.indicator.description": "斜体テキストの囲いに `*` と `_` のどちらを使用するか",
    "config.tableFormatter.enabled.description": "GFMテーブルフォーマッターを有効化",
    "config.tableFormatter.normalizeIndentation.description": "設定されたtabSizeに最も近い倍数でテーブルのインデントを正規化する",
    "config.print.absoluteImgPath.description": "画像Pathを絶対Pathに変換する",
    "config.print.imgToBase64.description": "HTML出力時に画像をbase64へ変換する",
    "config.print.onFileSave.description": "ファイル保存時に現在のドキュメントをHTMLへ出力する",
    "config.print.validateUrls.description": "出力時のURL検証の有効化/無効化",
    "config.print.theme": "出力されたHTMLのテーマ",
    "config.syntax.decorations.description": "Add syntax decorations",
    "config.syntax.plainTheme.description": "`extension.syntax.decorations`が有効な場合にのみ作用させる",
    "config.katex.macros.description": "ユーザ定義のKaTeXマクロ",
    "config.completion.root": "Pathの自動補完におけるルートフォルダ",
    "showMe": "表示する",
    "dismiss": "却下",
    "noValidMarkdownFile": "有効なMarkdownファイルがありません",
    "printing": "出力中",
    "to": "へ",
    "unableToReadFile": "ファイルを読み取れません",
    "revertingToImagePaths": "。base64エンコードを画像Pathに戻す",
    "customStyle": "カスタムスタイル",
    "notFound": "が見つかりません。",
    "cannotUseBuiltinSlugifyFunc": "VSCode組み込みのslugify関数が使用できません。GitHubのslugify関数にフォールバックします。VSCodeを最新バージョンに更新するか、 `githubCompatibility`を`true`に設定してください",
    "1.3.0 msg": "エキサイティングな機能をご紹介！ 自動で番号再割り当てできる順序付きリスト。",
    "1.4.0 msg": "『Markdown-All-in-One v1.4.0』におけるたくさんの新機能",
    "1.5.0 msg": "お久しぶりです。『Markdown-All-in-One v1.5.0』へようこそ。",
    "2.1.0 msg": "『Markdown All in One』v2.1.0！ リンクとしてURLを貼り付けしたり、マルチカーソルのサポートなど。",
    "2.4.0 msg": "『Markdown All in One』v2.4.0！ 新コマンド`toggleList`とKaTeXマクロのサポート。"
}
